<?xml version='1.0' encoding='UTF-8'?>
<fingerprint>
  <timestamp>2015-03-24 07:17:31.568 UTC</timestamp>
  <original>
    <name>Hangingman/com.mycompany:HangingMan</name>
    <number>26</number>
  </original>
  <md5sum>03d12789efb5cf10d05cf5148066f478</md5sum>
  <fileName>com.mycompany:HangingMan-1.0-SNAPSHOT.jar</fileName>
  <usages>
    <entry>
      <string>Hangingman</string>
      <ranges>26-27,36-39</ranges>
    </entry>
    <entry>
      <string>Hangingman/com.mycompany:HangingMan</string>
      <ranges>26-27,36-39</ranges>
    </entry>
  </usages>
  <facets/>
</fingerprint>