<?xml version='1.0' encoding='UTF-8'?>
<fingerprint>
  <timestamp>2015-03-23 09:05:23.161 UTC</timestamp>
  <original>
    <name>Hangingman/com.mycompany:HangingMan</name>
    <number>5</number>
  </original>
  <md5sum>a6442cdeaaa8d405d0c1829a458f4a37</md5sum>
  <fileName>com.mycompany:HangingMan:pom.xml</fileName>
  <usages>
    <entry>
      <string>Hangingman</string>
      <ranges>5-27,36-39,52-55</ranges>
    </entry>
    <entry>
      <string>Hangingman/com.mycompany:HangingMan</string>
      <ranges>5-27,36-39,52-55</ranges>
    </entry>
  </usages>
  <facets/>
</fingerprint>