<?xml version='1.0' encoding='UTF-8'?>
<fingerprint>
  <timestamp>2015-03-23 09:05:23.142 UTC</timestamp>
  <original>
    <name>Hangingman/com.mycompany:HangingMan</name>
    <number>5</number>
  </original>
  <md5sum>4d270c88763948b43ed05a825b7ea067</md5sum>
  <fileName>com.mycompany:HangingMan-1.0-SNAPSHOT.jar</fileName>
  <usages>
    <entry>
      <string>Hangingman</string>
      <ranges>5-14</ranges>
    </entry>
    <entry>
      <string>Hangingman/com.mycompany:HangingMan</string>
      <ranges>5-14</ranges>
    </entry>
  </usages>
  <facets/>
</fingerprint>