<?xml version='1.0' encoding='UTF-8'?>
<fingerprint>
  <timestamp>2015-03-23 08:27:04.449 UTC</timestamp>
  <original>
    <name>Hangingman/com.mycompany:HangingMan</name>
    <number>4</number>
  </original>
  <md5sum>bdc4a9231c134de8a8a282eb52bb91f2</md5sum>
  <fileName>com.mycompany:HangingMan-1.0-SNAPSHOT.jar</fileName>
  <usages>
    <entry>
      <string>Hangingman</string>
      <ranges>4</ranges>
    </entry>
    <entry>
      <string>Hangingman/com.mycompany:HangingMan</string>
      <ranges>4</ranges>
    </entry>
  </usages>
  <facets/>
</fingerprint>