<?xml version='1.0' encoding='UTF-8'?>
<fingerprint>
  <timestamp>2015-03-23 08:27:04.510 UTC</timestamp>
  <original>
    <name>Hangingman/com.mycompany:HangingMan</name>
    <number>4</number>
  </original>
  <md5sum>c7bdcc3ead306ad22e5d55469f3b6fdf</md5sum>
  <fileName>com.mycompany:HangingMan:pom.xml</fileName>
  <usages>
    <entry>
      <string>Hangingman</string>
      <ranges>4</ranges>
    </entry>
    <entry>
      <string>Hangingman/com.mycompany:HangingMan</string>
      <ranges>4</ranges>
    </entry>
  </usages>
  <facets/>
</fingerprint>