<?xml version='1.0' encoding='UTF-8'?>
<fingerprint>
  <timestamp>2015-04-13 07:48:49.328 UTC</timestamp>
  <original>
    <name>Hangingman/com.mycompany:HangingMan</name>
    <number>52</number>
  </original>
  <md5sum>f296ede84e1f40b633ba407a3c78d028</md5sum>
  <fileName>com.mycompany:HangingMan-1.0-SNAPSHOT.jar</fileName>
  <usages>
    <entry>
      <string>Hangingman</string>
      <ranges>52-55</ranges>
    </entry>
    <entry>
      <string>Hangingman/com.mycompany:HangingMan</string>
      <ranges>52-55</ranges>
    </entry>
  </usages>
  <facets/>
</fingerprint>