<?xml version='1.0' encoding='UTF-8'?>
<fingerprint>
  <timestamp>2015-03-23 09:31:42.818 UTC</timestamp>
  <original>
    <name>Hangingman/com.mycompany:HangingMan</name>
    <number>15</number>
  </original>
  <md5sum>738a581977fc41493ef6a8f78a2c6a36</md5sum>
  <fileName>com.mycompany:HangingMan-1.0-SNAPSHOT.jar</fileName>
  <usages>
    <entry>
      <string>Hangingman</string>
      <ranges>15-17</ranges>
    </entry>
    <entry>
      <string>Hangingman/com.mycompany:HangingMan</string>
      <ranges>15-17</ranges>
    </entry>
  </usages>
  <facets/>
</fingerprint>